a03ea568-1ab8-41dc-ab03-0298d39053f4,Rozmowa telefoniczna 1,done,2026-01-17T02:08:32.446779,2026-01-17T02:09:13.151141,2026-01-17T02:09:43.178627
36b42498-98aa-4f6b-a1e0-fc54fb1b5f27,Rozmowa telefoniczna 2,done,2026-01-17T02:08:32.449856,2026-01-17T02:09:48.196323,2026-01-17T02:10:18.224603
a99980d5-0c69-4569-bfb0-f32d2920b9f8,Rozmowa telefoniczna 3,done,2026-01-17T02:08:32.451653,2026-01-17T02:10:23.244216,2026-01-17T02:10:53.272091
974f4132-0ba3-4e86-a874-0f18c53dedcd,Rozmowa telefoniczna 4,done,2026-01-17T02:08:32.453683,2026-01-17T02:10:58.293275,2026-01-17T02:11:28.321643
17274794-0f22-4a3c-8db7-9b7639b41273,Rozmowa telefoniczna 5,done,2026-01-17T02:08:32.455716,2026-01-17T02:11:33.337000,2026-01-17T02:12:03.364693
84f2dbb2-6e3c-444f-b83b-1040bd89d08a,Rozmowa telefoniczna 6,done,2026-01-17T02:08:32.457607,2026-01-17T02:12:08.380471,2026-01-17T02:12:38.408485
4e961cd7-7a30-48f3-b1f7-afefd349039a,Rozmowa telefoniczna 7,done,2026-01-17T02:08:32.459508,2026-01-17T02:12:43.427022,2026-01-17T02:13:13.454986
14d3d8b7-2815-4310-aec9-1ce18cdcfe7b,Rozmowa telefoniczna 8,done,2026-01-17T02:08:32.461039,2026-01-17T02:13:18.477843,2026-01-17T02:13:48.506268
44e5bc7e-8490-4212-a774-931b19307c22,Rozmowa telefoniczna 9,done,2026-01-17T02:08:32.462903,2026-01-17T02:13:53.528153,2026-01-17T02:14:23.556543
56c1023e-9f9d-4aea-84fd-3ad63c334196,Rozmowa telefoniczna 10,done,2026-01-17T02:08:32.464456,2026-01-17T02:14:28.578118,2026-01-17T02:14:58.607165
c3aab572-7372-43df-acea-05c3cc192d91,Rozmowa telefoniczna 11,done,2026-01-17T02:08:32.466194,2026-01-17T02:15:03.632578,2026-01-17T02:15:33.660317
1befb911-6254-4f1a-9fe7-f448605e3ab6,Rozmowa telefoniczna 12,done,2026-01-17T02:08:32.468141,2026-01-17T02:15:38.680882,2026-01-17T02:16:08.708720
025f4665-2aef-469b-b5b2-dfcb4234fe48,Rozmowa telefoniczna 13,done,2026-01-17T02:08:32.470032,2026-01-17T02:16:13.727895,2026-01-17T02:16:43.756077
709bfa69-c5e9-4d07-bb63-edff638935b7,Rozmowa telefoniczna 14,done,2026-01-17T02:08:32.471910,2026-01-17T02:16:48.780090,2026-01-17T02:17:18.833521
8670085b-5bdf-4f21-82cf-39295a9ba478,Rozmowa telefoniczna 15,done,2026-01-17T02:08:32.473811,2026-01-17T02:17:23.913792,2026-01-17T02:17:53.941576
79b4c29a-7aaa-4d14-bbb2-92ebf286de7f,Rozmowa telefoniczna 16,pending,2026-01-17T02:08:32.475805
3726a762-5850-45af-8e1a-838050f937ab,Rozmowa telefoniczna 17,pending,2026-01-17T02:08:32.477858
73867d4a-a92a-441d-9682-e6d2e6e6b61e,Rozmowa telefoniczna 18,pending,2026-01-17T02:08:32.479806
1258d317-967d-4843-98b9-a854bb01fa0f,Rozmowa telefoniczna 19,pending,2026-01-17T02:08:32.481843
1769dab7-16d2-4e99-9073-8dd15b9fac3e,Rozmowa telefoniczna 20,pending,2026-01-17T02:08:32.483704
1543a524-3d1b-4ff1-b931-0eb33f3ced55,Rozmowa telefoniczna 21,pending,2026-01-17T02:08:32.485539
4b7feaa4-d1bd-4a8c-917f-4b8646b1e556,Rozmowa telefoniczna 22,pending,2026-01-17T02:08:32.488939
c2228855-f2e4-4c38-a95b-2283b30963f5,Rozmowa telefoniczna 23,pending,2026-01-17T02:08:32.491127
d12f9527-fe79-4f1f-ad1b-2e559750cbbf,Rozmowa telefoniczna 24,pending,2026-01-17T02:08:32.493395
4fed8c37-c04c-452d-bfe4-1d55eedfd734,Rozmowa telefoniczna 25,pending,2026-01-17T02:08:32.495648
f803e88a-fbdb-4bad-90ce-e76d9c53cb9f,Rozmowa telefoniczna 26,pending,2026-01-17T02:08:32.497922
264fc520-ffdf-466b-9a7b-016cd00459c3,Rozmowa telefoniczna 27,pending,2026-01-17T02:08:32.500118
f7f29945-8f1e-4e82-92cd-5d1b696b5ddb,Rozmowa telefoniczna 28,pending,2026-01-17T02:08:32.502181
ea3c7b17-6f44-49cd-8a92-7a1f4815feeb,Rozmowa telefoniczna 29,pending,2026-01-17T02:08:32.504396
eae51f18-155d-4603-984d-c959ab334d81,Rozmowa telefoniczna 30,pending,2026-01-17T02:08:32.506542
cd9d24ea-7447-4a17-b815-abd700fcab4a,Rozmowa telefoniczna 31,pending,2026-01-17T02:08:32.508769
50e9aa09-6b9d-4eb5-a33b-bb4f7aa5e5b4,Rozmowa telefoniczna 32,pending,2026-01-17T02:08:32.510907
b6ccce9b-4ed1-4f84-b303-e7f2a4c17963,Rozmowa telefoniczna 33,pending,2026-01-17T02:08:32.512956
a4eec80f-a5d4-4f13-b8de-a8c4327eea76,Rozmowa telefoniczna 34,pending,2026-01-17T02:08:32.514940
f87eaf33-5b7c-4663-bd2f-7b274d215395,Rozmowa telefoniczna 35,pending,2026-01-17T02:08:32.516914
361f68de-cc77-44be-a6a5-35a1f8fef981,Rozmowa telefoniczna 36,pending,2026-01-17T02:08:32.518725
99196559-685d-4868-8e23-80fbce22a62c,Rozmowa telefoniczna 37,pending,2026-01-17T02:08:32.520660
385f4261-7957-426c-8267-3d82293fee71,Rozmowa telefoniczna 38,pending,2026-01-17T02:08:32.522642
ba571689-3087-49a1-8011-7e58c9065933,Rozmowa telefoniczna 39,pending,2026-01-17T02:08:32.524547
267eace9-56a2-44e2-89e7-172dbb413416,Rozmowa telefoniczna 40,pending,2026-01-17T02:08:32.526637
baa50402-19f3-4926-9b5d-2012b6195dd2,Rozmowa telefoniczna 41,pending,2026-01-17T02:08:32.528442
7416a9a6-749c-400e-b425-0906684b5357,Rozmowa telefoniczna 42,pending,2026-01-17T02:08:32.530276
37bbdfea-956a-4d56-9a17-70bb04834963,Rozmowa telefoniczna 43,pending,2026-01-17T02:08:32.532023
579e8029-2d12-4874-a3b8-b7ae9154a5b5,Rozmowa telefoniczna 44,pending,2026-01-17T02:08:32.533792
cce43908-7252-47de-9c49-87ffaebe9b33,Rozmowa telefoniczna 45,pending,2026-01-17T02:08:32.535483
5e3a06f9-bf68-4fb8-aa43-712f45454459,Rozmowa telefoniczna 46,pending,2026-01-17T02:08:32.537068
c6f782d6-3913-462a-a1bf-a7102b0fb188,Rozmowa telefoniczna 47,pending,2026-01-17T02:08:32.538750
f89b484e-6334-4501-a73e-a7d2912f8b63,Rozmowa telefoniczna 48,pending,2026-01-17T02:08:32.540334
7808f8da-9c91-426d-8af4-18e11166e8d0,Rozmowa telefoniczna 49,pending,2026-01-17T02:08:32.541927
2de830fc-4409-473f-91a1-24ce8d1b7adb,Rozmowa telefoniczna 50,pending,2026-01-17T02:08:32.543443
439d0109-be37-4829-9609-635cade558e7,Rozmowa telefoniczna 51,pending,2026-01-17T02:08:32.545061
26734c24-48ee-4c4c-ac45-ff97269b023c,Rozmowa telefoniczna 52,pending,2026-01-17T02:08:32.546834
374a4416-024a-4981-9934-5867d11d7c0f,Rozmowa telefoniczna 53,pending,2026-01-17T02:08:32.548494
ff4ddf0e-397d-484e-8bb3-d8d2e2444a66,Rozmowa telefoniczna 54,pending,2026-01-17T02:08:32.550050
c10537d0-e5d4-412f-84d4-9634b52adf09,Rozmowa telefoniczna 55,pending,2026-01-17T02:08:32.551613
327cbeb4-3c7f-4e6c-b732-5cb47cf0fd27,Rozmowa telefoniczna 56,pending,2026-01-17T02:08:32.553299
2c3495a9-0c26-4ce6-8418-8e7064267ea5,Rozmowa telefoniczna 57,pending,2026-01-17T02:08:32.554943
ce3af81b-e775-4fcc-a095-67eeafbbb64d,Rozmowa telefoniczna 58,pending,2026-01-17T02:08:32.556551
d260cb3a-8551-44e3-95e5-630de0561663,Rozmowa telefoniczna 59,pending,2026-01-17T02:08:32.558097
985ca82c-6d1d-4f6e-bd0f-ff7b07c1de36,Rozmowa telefoniczna 60,pending,2026-01-17T02:08:32.559673
891e0f79-6c73-40d9-b4e8-a66a8253a994,Rozmowa telefoniczna 61,pending,2026-01-17T02:08:32.561302
619bdb66-6d6e-4fa5-bd7c-7b235295c468,Rozmowa telefoniczna 62,pending,2026-01-17T02:08:32.563365
bf197c09-7365-49b9-a5b6-7740e93fbb9c,Rozmowa telefoniczna 63,pending,2026-01-17T02:08:32.565386
d2a16238-dfeb-4def-a7da-54dce02194e2,Rozmowa telefoniczna 64,pending,2026-01-17T02:08:32.567216
6f6076e1-3554-4792-bdee-b27d8464d25e,Rozmowa telefoniczna 65,pending,2026-01-17T02:08:32.569115
33316c90-1146-46bb-80ad-50d14dd07a74,Rozmowa telefoniczna 66,pending,2026-01-17T02:08:32.570816
cb4bb3e2-ea26-466b-b24d-9d6c627c7d61,Rozmowa telefoniczna 67,pending,2026-01-17T02:08:32.572674
2eac3e64-242b-4130-ac07-add0ed8d2a1a,Rozmowa telefoniczna 68,pending,2026-01-17T02:08:32.574349
5f14270d-23a7-47b9-9fa6-d5c8914e3458,Rozmowa telefoniczna 69,pending,2026-01-17T02:08:32.576017
696eb919-4f1f-44a1-a5bd-ba9c116a1e18,Rozmowa telefoniczna 70,pending,2026-01-17T02:08:32.577695
e76ca0c0-8197-4543-a7fd-fa33f31ac94c,Rozmowa telefoniczna 71,pending,2026-01-17T02:08:32.579770
dcf6daa6-598a-4eee-a0f8-bfcdb8a697c5,Rozmowa telefoniczna 72,pending,2026-01-17T02:08:32.581782
1b2feffd-293c-4d99-8621-d451b154cc3b,Rozmowa telefoniczna 73,pending,2026-01-17T02:08:32.583838
441a9b45-1185-4f26-b222-54faa88bd2aa,Rozmowa telefoniczna 74,pending,2026-01-17T02:08:32.585745
c501a02d-c059-49b2-9ef4-0b67c8cc3aa2,Rozmowa telefoniczna 75,pending,2026-01-17T02:08:32.587633
da1491c3-19e7-4c44-ab0e-a9da19d0f7ff,Rozmowa telefoniczna 76,pending,2026-01-17T02:08:32.589373
2805ccf7-4852-41b0-9e7f-660a8a773dd3,Rozmowa telefoniczna 77,pending,2026-01-17T02:08:32.590990
955f07d1-76a3-48e8-bdae-43b9c5771e2d,Rozmowa telefoniczna 78,pending,2026-01-17T02:08:32.592713
d8cf0ee2-5367-4ec0-b16a-bfaf230d6e36,Rozmowa telefoniczna 79,pending,2026-01-17T02:08:32.594510
4f3ab747-7792-439d-baad-7e90dff21cab,Rozmowa telefoniczna 80,pending,2026-01-17T02:08:32.596104
a63c4474-187b-42e4-904d-173e4862975c,Rozmowa telefoniczna 81,pending,2026-01-17T02:08:32.597927
bbd89f45-ffdb-462c-8f2d-fb5b77acd050,Rozmowa telefoniczna 82,pending,2026-01-17T02:08:32.599857
341ee501-09f6-49d4-bc00-471d6e62d74b,Rozmowa telefoniczna 83,pending,2026-01-17T02:08:32.601561
2dede0c9-bd39-427d-b64f-14d2fe802b92,Rozmowa telefoniczna 84,pending,2026-01-17T02:08:32.603415
da9b6d4e-73c2-4e7e-87ac-93c12a5a6532,Rozmowa telefoniczna 85,pending,2026-01-17T02:08:32.605218
db644882-3e44-4f94-8f7f-d983baaac878,Rozmowa telefoniczna 86,pending,2026-01-17T02:08:32.607102
00f97229-918b-4808-a566-a0140f29f19b,Rozmowa telefoniczna 87,pending,2026-01-17T02:08:32.609227
bf6ae61d-88a6-4c53-a0e4-dbd1d8a83295,Rozmowa telefoniczna 88,pending,2026-01-17T02:08:32.611320
1bd74037-072f-43f0-8538-fd66e21d6d35,Rozmowa telefoniczna 89,pending,2026-01-17T02:08:32.613347
b45c61db-54c1-4984-a990-4c6b0790da56,Rozmowa telefoniczna 90,pending,2026-01-17T02:08:32.615179
0ace5576-9581-43e2-84a3-ae6cb3ede672,Rozmowa telefoniczna 91,pending,2026-01-17T02:08:32.616988
5787b2ad-ad59-4a19-b404-3a3f2094f605,Rozmowa telefoniczna 92,pending,2026-01-17T02:08:32.618752
3a0febc4-e9fd-4821-a200-b911e1bf31c8,Rozmowa telefoniczna 93,pending,2026-01-17T02:08:32.620560
2b525044-20e2-446a-a9c5-6e27ab340a82,Rozmowa telefoniczna 94,pending,2026-01-17T02:08:32.622121
98067e63-068a-48ec-b2d1-1e506f331d3c,Rozmowa telefoniczna 95,pending,2026-01-17T02:08:32.623788
30e4c91a-38f5-4065-9eca-f67cd4bff5cf,Rozmowa telefoniczna 96,pending,2026-01-17T02:08:32.625715
91ca49ef-db49-4ca2-9560-c93c62f77ac5,Rozmowa telefoniczna 97,pending,2026-01-17T02:08:32.627806
fb52483a-53f8-4b78-80c4-44ecb47d7b2e,Rozmowa telefoniczna 98,pending,2026-01-17T02:08:32.629847
a9894340-48cf-4a2f-a434-dcc82b65eae9,Rozmowa telefoniczna 99,pending,2026-01-17T02:08:32.631634
cc4926dd-7f21-4903-bd8b-89b749a6dc01,Rozmowa telefoniczna 100,pending,2026-01-17T02:08:32.633462
